<?xml version="1.0" encoding="UTF-8"?>
<project name="timingframework-swing" default="build-release-swing" basedir="..">

	<import file="${basedir}${file.separator}timingframework-core${file.separator}build-release.xml" />

	<property name="swing" location="${basedir}${fs}timingframework-swing" />
	<property name="swing-src" location="${swing}${fs}src" />
	<property name="swing-src-main-java" location="${swing-src}${fs}main${fs}java" />
	<property name="swing-src-main-resources" location="${swing-src}${fs}main${fs}resources" />
	<property name="swing-src-test-java" location="${swing-src}${fs}test${fs}java" />
	<property name="swing-src-test-resources" location="${swing-src}${fs}test${fs}resources" />
	<property name="swing-lib" location="${swing}${fs}lib" />
	<property name="swing-release" location="${swing}${fs}release" />
	<property name="swing-release-work" location="${swing-release}${fs}timingframework-swing-${release-version}" />
	<property name="swing-jar" value="timingframework-swing-${release-version}.jar" />
	<property name="swing-demos-jar" value="timingframework-swing-demos-${release-version}.jar" />

	<target name="build-release-swing">
		<delete quiet="true" includeemptydirs="true">
			<fileset dir="${swing-release}" includes="*/**" defaultexcludes="no" />
		</delete>
		<echo message="${swing-release} deleted..." />

		<mkdir dir="${swing-release}" />
		<mkdir dir="${swing-release-work}" />
		<mkdir dir="${swing-release-work}${fs}lib" />

		<copy file="${core-lib}${fs}LICENSE.txt" todir="${swing-release-work}" />
		<copy file="${core-lib}${fs}NOTES.txt" todir="${swing-release-work}" />

		<copy todir="${swing-release-work}${fs}src">
			<fileset dir="${promises-src}" />
			<fileset dir="${core-src-main-java}" />
			<fileset dir="${core-src-main-resources}" />
			<fileset dir="${core-src-test-java}" includes="**/demos/**" />
			<fileset dir="${core-src-test-resources}" />
			<fileset dir="${swing-src-main-java}" />
			<fileset dir="${swing-src-main-resources}" />
			<fileset dir="${swing-src-test-java}" />
			<fileset dir="${swing-src-test-resources}" />
		</copy>

		<mkdir dir="${swing-release-work}${fs}bin" />
		<javac srcdir="${swing-release-work}${fs}src" destdir="${swing-release-work}${fs}bin" debug="on" source="1.7" target="1.7" includeantruntime="false" />
		<jar destfile="${swing-release-work}${fs}lib${fs}${swing-jar}">
			<fileset dir="${swing-release-work}${fs}bin" excludes="**/demos/**" />
			<manifest />
		</jar>
		<jar destfile="${swing-release-work}${fs}lib${fs}${swing-jar}" update="true">
			<fileset dir="${swing-release-work}${fs}src" excludes="**/demos/**" />
			<manifest />
		</jar>
		<jar destfile="${swing-release-work}${fs}lib${fs}${swing-demos-jar}">
			<fileset dir="${swing-release-work}${fs}bin" includes="**/demos/**" />
			<manifest />
		</jar>
		<jar destfile="${swing-release-work}${fs}lib${fs}${swing-demos-jar}" update="true">
			<fileset dir="${swing-release-work}${fs}src" includes="**/demos/**" />
			<manifest />
		</jar>
		<delete quiet="true" dir="${swing-release-work}${fs}bin" />

		<javadoc access="public" destdir="${swing-release-work}${fs}/javadoc" source="1.7" sourcepath="${swing-release-work}${fs}src" Overview="${core-lib}${fs}javadoc-overview.html" excludepackagenames="**.demos,**.demos.*" notree="true" nodeprecatedlist="true" />

		<zip destfile="${swing-release}${fs}timingframework-swing-${release-version}.zip" basedir="${swing-release-work}" />
	</target>
</project>
