<?xml version="1.0" encoding="UTF-8"?>
<project name="timingframework-core" default="build-release-core" basedir="..">

	<property name="fs" value="${file.separator}" />

	<property name="core" location="${basedir}${fs}timingframework-core" />
	<property name="core-src" location="${core}${fs}src" />
	<property name="core-src-main-java" location="${core-src}${fs}main${fs}java" />
	<property name="core-src-main-resources" location="${core-src}${fs}main${fs}resources" />
	<property name="core-src-test-java" location="${core-src}${fs}test${fs}java" />
	<property name="core-src-test-resources" location="${core-src}${fs}test${fs}resources" />
	<property name="core-lib" location="${core}${fs}lib" />
	<property file="${core-lib}${fs}release.properties" />
	<property name="core-release" location="${core}${fs}release" />
	<property name="core-release-work" location="${core-release}${fs}timingframework-core-${release-version}" />
	<property name="core-jar" value="timingframework-core-${release-version}.jar" />
	<property name="promises-src" location="${basedir}${fs}promises${fs}src${fs}main${fs}java" />

	<target name="build-release-core">
		<delete quiet="true" includeemptydirs="true">
			<fileset dir="${core-release}" includes="*/**" defaultexcludes="no" />
		</delete>
		<echo message="${core-release} deleted..." />

		<mkdir dir="${core-release}" />
		<mkdir dir="${core-release-work}" />
		<mkdir dir="${core-release-work}${fs}lib" />

		<copy file="${core-lib}${fs}LICENSE.txt" todir="${core-release-work}" />
		<copy file="${core-lib}${fs}NOTES.txt" todir="${core-release-work}" />

		<copy todir="${core-release-work}${fs}src">
			<fileset dir="${promises-src}" />
			<fileset dir="${core-src-main-java}" />
			<fileset dir="${core-src-main-resources}" />
		</copy>

		<mkdir dir="${core-release-work}${fs}bin" />
		<javac srcdir="${core-release-work}${fs}src" destdir="${core-release-work}${fs}bin" debug="on" source="1.6" target="1.6" includeantruntime="false" />
		<jar destfile="${core-release-work}${fs}lib${fs}${core-jar}">
			<fileset dir="${core-release-work}${fs}bin" />
			<manifest />
		</jar>
		<jar destfile="${core-release-work}${fs}lib${fs}${core-jar}" update="true">
			<fileset dir="${core-release-work}${fs}src" />
			<manifest />
		</jar>
		<delete quiet="true" dir="${core-release-work}${fs}bin" />

		<javadoc access="public" destdir="${core-release-work}${fs}/javadoc" source="1.6" sourcepath="${core-release-work}${fs}src" Overview="${core-lib}${fs}javadoc-overview.html" notree="true" nodeprecatedlist="true" />

		<zip destfile="${core-release}${fs}timingframework-core-${release-version}.zip" basedir="${core-release-work}" />
	</target>
</project>